-- MySQL dump 10.13  Distrib 8.0.44, for Linux (x86_64)
--
-- Host: localhost    Database: hpdm172_group
-- ------------------------------------------------------
-- Server version	8.0.44-0ubuntu0.22.04.1

/*!40101 SET @OLD_CHARACTER_SET_CLIENT=@@CHARACTER_SET_CLIENT */;
/*!40101 SET @OLD_CHARACTER_SET_RESULTS=@@CHARACTER_SET_RESULTS */;
/*!40101 SET @OLD_COLLATION_CONNECTION=@@COLLATION_CONNECTION */;
/*!50503 SET NAMES utf8mb4 */;
/*!40103 SET @OLD_TIME_ZONE=@@TIME_ZONE */;
/*!40103 SET TIME_ZONE='+00:00' */;
/*!40014 SET @OLD_UNIQUE_CHECKS=@@UNIQUE_CHECKS, UNIQUE_CHECKS=0 */;
/*!40014 SET @OLD_FOREIGN_KEY_CHECKS=@@FOREIGN_KEY_CHECKS, FOREIGN_KEY_CHECKS=0 */;
/*!40101 SET @OLD_SQL_MODE=@@SQL_MODE, SQL_MODE='NO_AUTO_VALUE_ON_ZERO' */;
/*!40111 SET @OLD_SQL_NOTES=@@SQL_NOTES, SQL_NOTES=0 */;

--
-- Table structure for table `doctors`
--

DROP TABLE IF EXISTS `doctors`;
/*!40101 SET @saved_cs_client     = @@character_set_client */;
/*!50503 SET character_set_client = utf8mb4 */;
CREATE TABLE `doctors` (
  `doctor_id` int NOT NULL,
  `doctor_name` varchar(100) DEFAULT NULL,
  `doctor_dob` date DEFAULT NULL,
  `doctor_address` varchar(100) DEFAULT NULL,
  `hospital_id` int DEFAULT NULL,
  PRIMARY KEY (`doctor_id`)
) ENGINE=InnoDB DEFAULT CHARSET=utf8mb4 COLLATE=utf8mb4_0900_ai_ci;
/*!40101 SET character_set_client = @saved_cs_client */;

--
-- Dumping data for table `doctors`
--

LOCK TABLES `doctors` WRITE;
/*!40000 ALTER TABLE `doctors` DISABLE KEYS */;
INSERT INTO `doctors` VALUES (1,'Alice,Smith','0000-00-00','132 Mill Road, Oxford, EX4 6AB',30),(2,'Bob,Jones','0000-00-00','46 Park Lane, Taunton, EX4 7AB',17),(3,'Clara,Brown','0000-00-00','134 High Street, Bath, EX1 6AB',1),(4,'David,Taylor','0000-00-00','56 King Road, Bath, EX1 5AB',2),(5,'Emma,Wilson','0000-00-00','42 Station Road, Exeter, EX2 6AB',36),(6,'Tom,Evans','0000-00-00','67 Queen Street, Taunton, EX3 2AB',18),(7,'Lily,Roberts','0000-00-00','198 Queen Street, Taunton, EX3 3AB',19),(8,'Mark,Johnson','0000-00-00','57 Park Lane, Plymouth, EX7 1AB',24),(9,'Anna,Walker','0000-00-00','142 Station Road, Oxford, EX6 4AB',31),(10,'George,White','0000-00-00','132 Church Street, Bath, EX7 1AB',3),(11,'James,Harris','0000-00-00','135 King Road, Bristol, EX4 5AB',9),(12,'Sophie,Lewis','0000-00-00','122 High Street, Taunton, EX3 5AB',20),(13,'Michael,Hall','0000-00-00','34 Queen Street, Bath, EX3 1AB',4),(14,'Laura,Allen','0000-00-00','24 Park Lane, Bristol, EX7 8AB',10),(15,'Daniel,Young','0000-00-00','128 Station Road, Bristol, EX3 1AB',11),(16,'Sarah,King','0000-00-00','93 Station Road, Taunton, EX4 6AB',21),(17,'John,Wright','0000-00-00','100 Church Street, Bristol, EX8 2AB',12),(18,'Hannah,Scott','0000-00-00','9 River Road, Bristol, EX7 2AB',13),(19,'Peter,Green','0000-00-00','55 Station Road, Bristol, EX1 7AB',14),(20,'Lucy,Mitchell','0000-00-00','39 Park Lane, Taunton, EX6 7AB',22),(21,'Nina,Adams','0000-00-00','44 Station Road, Bristol, EX4 3AB',15),(22,'Paul,Baker','0000-00-00','133 Church Street, Plymouth, EX2 2AB',25),(23,'Jessica,Carter','0000-00-00','195 Mill Road, Exeter, EX6 4AB',37),(24,'Oliver,Morgan','0000-00-00','130 Church Street, Bristol, EX5 1AB',16),(25,'Eva,Rogers','0000-00-00','193 Church Street, Oxford, EX3 5AB',32),(26,'Henry,Cooper','0000-00-00','51 Station Road, Bath, EX5 8AB',5),(27,'Megan,Cox','0000-00-00','83 Church Street, Bristol, EX6 2AB',9),(28,'Chris,Morris','0000-00-00','169 High Street, Plymouth, EX4 8AB',26),(29,'Olivia,Reed','0000-00-00','184 King Road, Taunton, EX6 9AB',23),(30,'Leo,Cook','0000-00-00','110 Park Lane, Taunton, EX3 3AB',17),(31,'Ella,Bell','0000-00-00','84 Station Road, Bath, EX4 7AB',6),(32,'Jacob,Brooks','0000-00-00','74 King Road, Bath, EX5 9AB',7),(33,'Amy,Ward','0000-00-00','145 King Road, Plymouth, EX7 9AB',27),(34,'Max,Wood','0000-00-00','171 Mill Road, Plymouth, EX4 6AB',28),(35,'Katie,Gray','0000-00-00','196 Park Lane, Bath, EX2 2AB',8),(36,'Ethan,Cole','0000-00-00','116 Station Road, Oxford, EX3 8AB',33),(37,'Chloe,Murray','0000-00-00','98 Mill Road, Taunton, EX7 8AB',18),(38,'Nathan,Martin','0000-00-00','80 Mill Road, Plymouth, EX1 7AB',29),(39,'Ruby,Clarke','0000-00-00','162 Mill Road, Plymouth, EX9 6AB',24),(40,'Aaron,Palmer','0000-00-00','155 High Street, Bath, EX5 5AB',1),(41,'Holly,Hill','0000-00-00','116 Church Street, Exeter, EX8 4AB',38),(42,'Sebastian,Shaw','0000-00-00','51 River Road, Plymouth, EX1 5AB',25),(43,'Isla,Wallace','0000-00-00','33 King Road, Plymouth, EX5 1AB',26),(44,'Ben,Mason','0000-00-00','184 Church Street, Bristol, EX6 8AB',10),(45,'Mia,Richards','0000-00-00','45 Park Lane, Exeter, EX1 9AB',39),(46,'Freddie,Simpson','0000-00-00','185 High Street, Bath, EX3 2AB',2),(47,'Sienna,Webb','0000-00-00','42 Church Street, Oxford, EX7 4AB',34),(48,'Louis,Payne','0000-00-00','42 High Street, Plymouth, EX9 7AB',27),(49,'Poppy,Holmes','0000-00-00','199 Mill Road, Bristol, EX6 3AB',11),(50,'Theo,Bishop','0000-00-00','86 Park Lane, Bath, EX6 2AB',3),(51,'Harriet,Burton','0000-00-00','36 London Road, Oxford, EX2 7AB',35),(52,'Ryan,Hopkins','0000-00-00','103 Queen Street, Bath, EX6 6AB',4),(53,'Zoe,Spencer','0000-00-00','85 Church Street, Taunton, EX2 4AB',19),(54,'Edward,Reid','0000-00-00','70 Park Lane, Oxford, EX4 7AB',30),(55,'Scarlett,Dean','0000-00-00','148 Queen Street, Exeter, EX2 5AB',40),(56,'Reuben,Fisher','0000-00-00','98 Station Road, Bristol, EX5 6AB',12),(57,'Erin,Stevens','0000-00-00','186 Mill Road, Exeter, EX7 3AB',36),(58,'Archie,Elliott','0000-00-00','38 London Road, Bath, EX3 5AB',5),(59,'Ivy,Marshall','0000-00-00','160 Queen Street, Bristol, EX3 4AB',13),(60,'Samuel,Hunter','0000-00-00','56 Mill Road, Bath, EX8 2AB',6),(61,'Lola,Andrews','0000-00-00','13 High Street, Bristol, EX5 4AB',14),(62,'Oscar,Jenning','0000-00-00','147 Queen Street, Bath, EX3 9AB',7),(63,'Phoebe,Henderson','0000-00-00','52 Station Road, Oxford, EX7 5AB',31),(64,'Toby,West','0000-00-00','154 Church Street, Plymouth, EX6 1AB',28),(65,'Daisy,Gordon','0000-00-00','46 King Road, Bristol, EX3 5AB',15),(66,'Jake,Warren','0000-00-00','162 Park Lane, Oxford, EX5 8AB',32),(67,'Lottie,Reeves','0000-00-00','20 Park Lane, Bath, EX3 4AB',8),(68,'Callum,Chapman','0000-00-00','194 London Road, Exeter, EX1 9AB',37),(69,'Eleanor,Oliver','0000-00-00','28 Mill Road, Taunton, EX1 5AB',20),(70,'Liam,Doyle','0000-00-00','94 Station Road, Taunton, EX8 7AB',21),(71,'Maisie,Ford','0000-00-00','140 King Road, Bristol, EX2 7AB',16),(72,'Harvey,Clarke','0000-00-00','177 Park Lane, Plymouth, EX7 9AB',29),(73,'Bella,Page','0000-00-00','168 School Lane, Plymouth, EX5 7AB',24),(74,'Kieran,Holland','0000-00-00','135 Church Street, Bristol, EX5 9AB',9),(75,'Florence,Tucker','0000-00-00','174 River Road, Bristol, EX1 6AB',10),(76,'Isaac,Gibson','0000-00-00','69 High Street, Bath, EX6 2AB',1),(77,'Mollie,Bates','0000-00-00','96 Park Lane, Oxford, EX5 2AB',33),(78,'Blake,Stewart','0000-00-00','49 King Road, Exeter, EX6 3AB',38),(79,'Eliza,Cunningham','0000-00-00','186 London Road, Bath, EX3 1AB',2),(80,'Jay,Todd','0000-00-00','75 Church Street, Exeter, EX1 4AB',39),(81,'Faith,Boyle','0000-00-00','14 Station Road, Taunton, EX9 7AB',22),(82,'Roman,Lowe','0000-00-00','34 River Road, Plymouth, EX9 9AB',25),(83,'Heidi,Barnes','0000-00-00','13 School Lane, Oxford, EX8 7AB',34),(84,'Spencer,Hayes','0000-00-00','104 Station Road, Exeter, EX5 5AB',40),(85,'Alexa,Barber','0000-00-00','182 Park Lane, Oxford, EX3 8AB',35),(86,'Tristan,Hardy','0000-00-00','190 River Road, Taunton, EX1 2AB',23),(87,'Eden,Weston','0000-00-00','14 Park Lane, Bath, EX9 5AB',3),(88,'Reece,Barton','0000-00-00','177 Mill Road, Bath, EX4 8AB',4),(89,'Ophelia,Farmer','0000-00-00','143 Park Lane, Oxford, EX7 2AB',30),(90,'Declan,Hicks','0000-00-00','19 River Road, Bristol, EX7 8AB',11),(91,'Amelia,Boyle','0000-00-00','138 Queen Street, Plymouth, EX3 8AB',26),(92,'Fraser,Potter','0000-00-00','53 Station Road, Taunton, EX6 7AB',17),(93,'Georgia,Gregory','0000-00-00','79 Church Street, Oxford, EX1 6AB',31),(94,'Noah,Francis','0000-00-00','167 River Road, Plymouth, EX6 7AB',27),(95,'Polly,Baldwin','0000-00-00','185 London Road, Taunton, EX2 2AB',18),(96,'Joel,Sinclair','0000-00-00','27 High Street, Taunton, EX5 6AB',19),(97,'Imogen,Webster','0000-00-00','89 London Road, Exeter, EX1 8AB',36),(98,'Riley,Nicholson','0000-00-00','153 King Road, Bristol, EX3 1AB',12),(99,'Kara,Rowe','0000-00-00','155 River Road, Taunton, EX1 6AB',20),(100,'Leon,Hammond','0000-00-00','42 Queen Street, Oxford, EX6 9AB',32);
/*!40000 ALTER TABLE `doctors` ENABLE KEYS */;
UNLOCK TABLES;

--
-- Table structure for table `hospitals`
--

DROP TABLE IF EXISTS `hospitals`;
/*!40101 SET @saved_cs_client     = @@character_set_client */;
/*!50503 SET character_set_client = utf8mb4 */;
CREATE TABLE `hospitals` (
  `hospital_id` int NOT NULL,
  `hospital_name` varchar(40) DEFAULT NULL,
  `hospital_address` varchar(40) DEFAULT NULL,
  `num_beds` int DEFAULT NULL,
  `hospital_type` varchar(40) DEFAULT NULL,
  `hospital_accreditation_status` varchar(40) DEFAULT NULL,
  PRIMARY KEY (`hospital_id`)
) ENGINE=InnoDB DEFAULT CHARSET=utf8mb4 COLLATE=utf8mb4_0900_ai_ci;
/*!40101 SET character_set_client = @saved_cs_client */;

--
-- Dumping data for table `hospitals`
--

LOCK TABLES `hospitals` WRITE;
/*!40000 ALTER TABLE `hospitals` DISABLE KEYS */;
INSERT INTO `hospitals` VALUES (1,'Bath General Hospital','154 River Road, Bath, EX4 7AB',299,'Teaching','Pending'),(2,'Bath City Hospital','93 Station Road, Bath, EX2 8AB',118,'Specialist','Accredited'),(3,'Bath Medical Centre','83 River Road, Bath, EX4 2AB',129,'Specialist','Pending'),(4,'Bath Royal Infirmary','185 Queen Street, Bath, EX8 4AB',390,'Teaching','Accredited'),(5,'Bath Healthcare Campus','126 Park Lane, Bath, EX4 2AB',82,'General','Pending'),(6,'Bath District Hospital','99 River Road, Bath, EX6 7AB',81,'Specialist','Review'),(7,'Bath Community Hospital','179 King Road, Bath, EX5 8AB',47,'Specialist','Review'),(8,'Bath University Hospital','59 Station Road, Bath, EX2 8AB',385,'General','Pending'),(9,'Bristol University Hospital','64 River Road, Bristol, EX7 2AB',224,'General','Accredited'),(10,'Bristol Medical Centre','102 Park Lane, Bristol, EX9 7AB',314,'General','Pending'),(11,'Bristol Community Hospital','14 Park Lane, Bristol, EX9 6AB',325,'General','Review'),(12,'Bristol City Hospital','196 Church Street, Bristol, EX6 8AB',300,'Teaching','Pending'),(13,'Bristol Royal Infirmary','60 London Road, Bristol, EX7 2AB',182,'Teaching','Review'),(14,'Bristol Healthcare Campus','78 Station Road, Bristol, EX4 4AB',418,'Specialist','Review'),(15,'Bristol District Hospital','154 Queen Street, Bristol, EX2 9AB',130,'Teaching','Pending'),(16,'Bristol General Hospital','162 Church Street, Bristol, EX2 5AB',232,'Teaching','Review'),(17,'Taunton Royal Infirmary','63 Park Lane, Taunton, EX3 5AB',65,'Specialist','Accredited'),(18,'Taunton Community Hospital','100 High Street, Taunton, EX5 3AB',346,'Specialist','Review'),(19,'Taunton General Hospital','84 Park Lane, Taunton, EX1 4AB',200,'Specialist','Accredited'),(20,'Taunton Healthcare Campus','79 Station Road, Taunton, EX5 6AB',217,'Specialist','Review'),(21,'Taunton Medical Centre','102 Park Lane, Taunton, EX8 4AB',435,'Teaching','Review'),(22,'Taunton City Hospital','96 Station Road, Taunton, EX3 3AB',140,'Specialist','Review'),(23,'Taunton District Hospital','37 King Road, Taunton, EX3 5AB',299,'Teaching','Review'),(24,'Plymouth University Hospital','172 River Road, Plymouth, EX8 1AB',408,'Specialist','Pending'),(25,'Plymouth District Hospital','183 River Road, Plymouth, EX1 8AB',406,'Teaching','Accredited'),(26,'Plymouth General Hospital','108 River Road, Plymouth, EX8 6AB',167,'General','Pending'),(27,'Plymouth Community Hospital','152 Church Street, Plymouth, EX7 7AB',476,'General','Accredited'),(28,'Plymouth Medical Centre','86 Church Street, Plymouth, EX7 4AB',119,'Teaching','Review'),(29,'Plymouth Healthcare Campus','107 Station Road, Plymouth, EX6 5AB',259,'Specialist','Accredited'),(30,'Oxford District Hospital','199 High Street, Oxford, EX5 7AB',498,'Teaching','Accredited'),(31,'Oxford Community Hospital','20 Station Road, Oxford, EX9 6AB',430,'Specialist','Review'),(32,'Oxford Medical Centre','3 High Street, Oxford, EX4 8AB',170,'Teaching','Review'),(33,'Oxford Healthcare Campus','168 Queen Street, Oxford, EX3 4AB',312,'Teaching','Review'),(34,'Oxford University Hospital','54 Station Road, Oxford, EX9 5AB',77,'General','Pending'),(35,'Oxford General Hospital','171 Church Street, Oxford, EX1 8AB',101,'General','Pending'),(36,'Exeter District Hospital','191 London Road, Exeter, EX4 8AB',356,'Specialist','Review'),(37,'Exeter Healthcare Campus','35 Queen Street, Exeter, EX6 6AB',302,'General','Accredited'),(38,'Exeter Medical Centre','194 King Road, Exeter, EX9 1AB',361,'General','Pending'),(39,'Exeter University Hospital','65 London Road, Exeter, EX9 7AB',444,'Specialist','Pending'),(40,'Exeter Community Hospital','149 Queen Street, Exeter, EX1 3AB',138,'Specialist','Review');
/*!40000 ALTER TABLE `hospitals` ENABLE KEYS */;
UNLOCK TABLES;

--
-- Table structure for table `patients`
--

DROP TABLE IF EXISTS `patients`;
/*!40101 SET @saved_cs_client     = @@character_set_client */;
/*!50503 SET character_set_client = utf8mb4 */;
CREATE TABLE `patients` (
  `patient_id` int NOT NULL,
  `patient_name` varchar(100) DEFAULT NULL,
  `patient_dob` date DEFAULT NULL,
  `patient_address` varchar(200) DEFAULT NULL,
  `doctor_id` int DEFAULT NULL,
  PRIMARY KEY (`patient_id`)
) ENGINE=InnoDB DEFAULT CHARSET=utf8mb4 COLLATE=utf8mb4_0900_ai_ci;
/*!40101 SET character_set_client = @saved_cs_client */;

--
-- Dumping data for table `patients`
--

LOCK TABLES `patients` WRITE;
/*!40000 ALTER TABLE `patients` DISABLE KEYS */;
INSERT INTO `patients` VALUES (1,'Anna,Smith','0000-00-00','29 River Road, Bristol, EX53 26',3),(2,'Tom,Jones','0000-00-00','50 Queen Street, Bristol, EX31 57',4),(3,'Lily,Brown','0000-00-00','112 High Street, Plymouth, EX86 36',5),(4,'Mark,Taylor','0000-00-00','42 River Road, Plymouth, EX45 48',23),(5,'Nina,Wilson','0000-00-00','108 School Lane, Taunton, EX40 25',2),(6,'Diana,Evans','0000-00-00','166 North Street, Exeter, EX49 77',5),(7,'Peter,Roberts','0000-00-00','131 Queen Street, Oxford, EX38 94',1),(8,'Laura,Hall','0000-00-00','78 High Street, Plymouth, EX10 49',41),(9,'Emma,Young','0000-00-00','194 London Road, Bath, EX84 76',3),(10,'Daniel,Green','0000-00-00','21 Park Avenue, Taunton, EX45 76',6),(11,'Chloe,Scott','0000-00-00','23 Mill Road, Taunton, EX26 89',7),(12,'Oliver,King','0000-00-00','18 Station Road, Taunton, EX20 55',12),(13,'Anna,Wright','0000-00-00','66 High Street, Bristol, EX91 34',10),(14,'Tom,Adams','0000-00-00','190 High Street, Bath, EX89 32',4),(15,'Lily,Hill','0000-00-00','52 Station Road, Plymouth, EX57 83',45),(16,'Mark,White','0000-00-00','137 North Street, Bath, EX72 10',10),(17,'Nina,Morgan','0000-00-00','132 Park Lane, Oxford, EX23 50',9),(18,'Diana,Reed','0000-00-00','129 Park Avenue, Bath, EX71 54',13),(19,'Peter,Cox','0000-00-00','139 Station Road, Taunton, EX83 33',16),(20,'Laura,Gray','0000-00-00','132 Mill Road, Exeter, EX74 73',23),(21,'Emma,Price','0000-00-00','24 Station Road, Exeter, EX22 55',41),(22,'Daniel,Bell','0000-00-00','56 Park Avenue, Exeter, EX10 29',45),(23,'Chloe,Cook','0000-00-00','170 River Road, Bristol, EX87 58',13),(24,'Oliver,Ward','0000-00-00','104 King Road, Bristol, EX74 86',26),(25,'Anna,Bailey','0000-00-00','131 Queen Street, Bristol, EX90 32',31),(26,'Tom,Cooper','0000-00-00','171 London Road, Taunton, EX63 66',20),(27,'Lily,Richardson','0000-00-00','118 North Street, Plymouth, EX80 19',55),(28,'Mark,Carter','0000-00-00','96 Queen Street, Bath, EX72 26',26),(29,'Nina,Mitchell','0000-00-00','128 Park Avenue, Exeter, EX48 94',55),(30,'Diana,Turner','0000-00-00','41 Queen Street, Bath, EX33 76',31),(31,'Peter,Phillips','0000-00-00','121 Queen Street, Plymouth, EX15 60',57),(32,'Laura,Parker','0000-00-00','177 Park Lane, Bristol, EX27 24',32),(33,'Emma,James','0000-00-00','156 Station Road, Exeter, EX83 96',57),(34,'Daniel,Bennett','0000-00-00','127 Queen Street, Exeter, EX64 30',68),(35,'Chloe,Howard','0000-00-00','168 Park Avenue, Exeter, EX57 44',78),(36,'Oliver,Murphy','0000-00-00','128 High Street, Bath, EX49 89',32),(37,'Anna,Hughes','0000-00-00','118 Park Avenue, Bristol, EX70 24',35),(38,'Tom,Foster','0000-00-00','179 River Road, Bath, EX37 87',35),(39,'Lily,Collins','0000-00-00','2 Church Street, Taunton, EX34 51',29),(40,'Mark,Sanders','0000-00-00','5 Church Street, Bristol, EX81 13',40),(41,'Nina,Russell','0000-00-00','199 Park Avenue, Bristol, EX10 34',46),(42,'Diana,Hamilton','0000-00-00','10 London Road, Exeter, EX65 90',80),(43,'Peter,Shaw','0000-00-00','139 North Street, Plymouth, EX44 49',68),(44,'Laura,Harrison','0000-00-00','134 Park Avenue, Oxford, EX51 56',25),(45,'Emma,Grant','0000-00-00','142 Queen Street, Oxford, EX17 73',36),(46,'Daniel,Spencer','0000-00-00','113 School Lane, Oxford, EX51 15',47),(47,'Chloe,Matthews','0000-00-00','12 Mill Road, Bath, EX56 51',40),(48,'Oliver,Chapman','0000-00-00','178 King Road, Bristol, EX65 96',50),(49,'Anna,Murray','0000-00-00','10 Church Street, Bath, EX35 50',46),(50,'Tom,Stephens','0000-00-00','32 London Road, Taunton, EX31 66',30),(51,'Lily,Palmer','0000-00-00','57 Queen Street, Plymouth, EX55 58',78),(52,'Mark,Holmes','0000-00-00','110 Park Lane, Taunton, EX58 27',37),(53,'Nina,Austin','0000-00-00','32 River Road, Exeter, EX21 20',84),(54,'Diana,Watson','0000-00-00','168 Park Avenue, Plymouth, EX19 10',80),(55,'Peter,Mason','0000-00-00','163 Queen Street, Plymouth, EX59 32',84),(56,'Laura,Kelly','0000-00-00','187 High Street, Plymouth, EX48 71',97),(57,'Emma,Dixon','0000-00-00','141 Queen Street, Plymouth, EX92 88',5),(58,'Daniel,Carroll','0000-00-00','69 North Street, Oxford, EX46 11',51),(59,'Chloe,West','0000-00-00','173 Queen Street, Bristol, EX62 95',52),(60,'Oliver,Hayes','0000-00-00','162 Queen Street, Exeter, EX37 30',97),(61,'Anna,Ford','0000-00-00','139 London Road, Taunton, EX91 92',53),(62,'Tom,Hart','0000-00-00','157 Station Road, Bristol, EX55 52',58),(63,'Lily,Stone','0000-00-00','149 Station Road, Bristol, EX11 96',60),(64,'Mark,Arnold','0000-00-00','25 Station Road, Plymouth, EX21 57',23),(65,'Nina,Barker','0000-00-00','88 Queen Street, Exeter, EX13 74',5),(66,'Diana,Bates','0000-00-00','154 North Street, Taunton, EX89 53',69),(67,'Peter,Webb','0000-00-00','96 School Lane, Bristol, EX33 63',62),(68,'Laura,Burke','0000-00-00','147 Station Road, Bath, EX91 65',50),(69,'Emma,Fox','0000-00-00','42 Station Road, Taunton, EX37 87',70),(70,'Daniel,Bishop','0000-00-00','87 Church Street, Taunton, EX56 16',81),(71,'Chloe,Hunter','0000-00-00','53 River Road, Taunton, EX29 73',86),(72,'Oliver,Walsh','0000-00-00','106 River Road, Plymouth, EX39 85',41),(73,'Anna,Matthews','0000-00-00','134 Queen Street, Bath, EX90 62',52),(74,'Tom,Francis','0000-00-00','184 Park Lane, Bath, EX42 25',58),(75,'Lily,Lowe','0000-00-00','42 Park Avenue, Plymouth, EX15 59',45),(76,'Mark,Perry','0000-00-00','96 Park Lane, Plymouth, EX61 12',55),(77,'Nina,Reid','0000-00-00','126 Church Street, Oxford, EX14 27',54),(78,'Diana,Burton','0000-00-00','167 King Road, Exeter, EX35 72',23),(79,'Peter,Boyle','0000-00-00','70 London Road, Bristol, EX93 53',67),(80,'Laura,Black','0000-00-00','165 Mill Road, Taunton, EX36 42',92),(81,'Emma,Griffin','0000-00-00','144 King Road, Exeter, EX95 77',41),(82,'Daniel,Sullivan','0000-00-00','12 Park Avenue, Plymouth, EX60 42',57),(83,'Chloe,Page','0000-00-00','148 Church Street, Plymouth, EX75 96',68),(84,'Oliver,Little','0000-00-00','50 King Road, Taunton, EX28 18',95),(85,'Anna,Fleming','0000-00-00','130 Park Lane, Bristol, EX19 13',76),(86,'Tom,Jennings','0000-00-00','185 River Road, Bath, EX41 52',60),(87,'Lily,Harvey','0000-00-00','31 London Road, Oxford, EX55 91',63),(88,'Mark,Stevens','0000-00-00','12 Park Avenue, Bath, EX76 80',62),(89,'Nina,Holmes','0000-00-00','132 Park Lane, Taunton, EX59 19',96),(90,'Diana,Rowe','0000-00-00','171 Mill Road, Taunton, EX58 18',99),(91,'Peter,Payne','0000-00-00','59 King Road, Taunton, EX29 69',2),(92,'Laura,Parsons','0000-00-00','64 King Road, Plymouth, EX61 33',78),(93,'Emma,Fuller','0000-00-00','137 Mill Road, Bath, EX92 34',67),(94,'Daniel,Sharp','0000-00-00','160 Mill Road, Plymouth, EX49 85',80),(95,'Chloe,Terry','0000-00-00','161 Church Street, Plymouth, EX43 24',84),(96,'Oliver,Barrett','0000-00-00','123 London Road, Bath, EX29 21',76),(97,'Anna,Lynch','0000-00-00','196 London Road, Oxford, EX95 52',66),(98,'Tom,Long','0000-00-00','18 Mill Road, Bristol, EX71 31',79),(99,'Lily,Day','0000-00-00','133 King Road, Exeter, EX38 10',45),(100,'Mark,Holt','0000-00-00','39 Park Lane, Taunton, EX57 89',6),(101,'Nina,Pope','0000-00-00','33 Park Avenue, Bristol, EX77 58',87),(102,'Diana,Walters','0000-00-00','147 Queen Street, Taunton, EX45 33',7),(103,'Peter,Rowland','0000-00-00','10 River Road, Exeter, EX43 63',55),(104,'Laura,Booth','0000-00-00','15 North Street, Plymouth, EX46 38',97),(105,'Emma,Berry','0000-00-00','167 North Street, Oxford, EX97 15',77),(106,'Daniel,Goodwin','0000-00-00','58 School Lane, Bath, EX49 12',79),(107,'Chloe,Potter','0000-00-00','116 Station Road, Bristol, EX81 21',88),(108,'Oliver,Hardy','0000-00-00','16 King Road, Bath, EX93 45',87),(109,'Anna,Hopkins','0000-00-00','187 River Road, Exeter, EX48 19',57),(110,'Tom,Burrows','0000-00-00','105 School Lane, Oxford, EX25 13',83),(111,'Lily,Lamb','0000-00-00','168 London Road, Bristol, EX90 75',3),(112,'Mark,Norton','0000-00-00','144 Park Lane, Exeter, EX44 83',68),(113,'Nina,Baxter','0000-00-00','14 Church Street, Oxford, EX72 45',85),(114,'Diana,Shah','0000-00-00','136 High Street, Oxford, EX96 69',89),(115,'Peter,Smart','0000-00-00','85 High Street, Oxford, EX41 37',93),(116,'Laura,Doyle','0000-00-00','123 Park Avenue, Exeter, EX28 26',78),(117,'Emma,Donald','0000-00-00','96 High Street, Bristol, EX62 78',4),(118,'Daniel,Whitney','0000-00-00','171 River Road, Oxford, EX99 80',100),(119,'Chloe,Hayward','0000-00-00','22 School Lane, Bath, EX91 55',88),(120,'Oliver,Sykes','0000-00-00','176 Station Road, Bristol, EX29 72',10),(121,'Anna,Peake','0000-00-00','50 School Lane, Bristol, EX46 95',13),(122,'Tom,Pratt','0000-00-00','118 Church Street, Bristol, EX22 88',26),(123,'Lily,Marsh','0000-00-00','174 North Street, Bath, EX97 62',3),(124,'Mark,Hume','0000-00-00','130 High Street, Plymouth, EX90 79',5),(125,'Nina,Shea','0000-00-00','20 Mill Road, Oxford, EX11 35',1),(126,'Diana,Larkin','0000-00-00','111 Station Road, Exeter, EX38 58',80),(127,'Peter,Glass','0000-00-00','59 Queen Street, Plymouth, EX62 59',23),(128,'Laura,Burns','0000-00-00','112 Station Road, Plymouth, EX66 37',41),(129,'Emma,Winter','0000-00-00','183 Park Avenue, Exeter, EX39 21',84),(130,'Daniel,Peters','0000-00-00','20 School Lane, Exeter, EX81 92',97),(131,'Chloe,Moss','0000-00-00','153 Queen Street, Bristol, EX88 92',31),(132,'Oliver,Hope','0000-00-00','6 King Road, Oxford, EX13 82',9),(133,'Anna,Burton','0000-00-00','106 Park Lane, Plymouth, EX39 19',45),(134,'Tom,Kemp','0000-00-00','61 Park Avenue, Oxford, EX48 16',25),(135,'Lily,Curtis','0000-00-00','123 Queen Street, Taunton, EX43 39',12),(136,'Mark,Tucker','0000-00-00','148 Queen Street, Bath, EX86 64',4),(137,'Nina,Briggs','0000-00-00','46 High Street, Plymouth, EX85 61',55),(138,'Diana,Allan','0000-00-00','165 Park Avenue, Oxford, EX13 23',36),(139,'Peter,Bowen','0000-00-00','77 Park Avenue, Bristol, EX54 58',32),(140,'Laura,Blair','0000-00-00','188 River Road, Bath, EX71 46',10),(141,'Emma,Blake','0000-00-00','68 Queen Street, Plymouth, EX70 73',57),(142,'Daniel,Rowe','0000-00-00','88 Church Street, Bristol, EX75 93',35),(143,'Chloe,Watts','0000-00-00','78 Mill Road, Oxford, EX87 89',47),(144,'Oliver,Wood','0000-00-00','7 Station Road, Oxford, EX64 96',51),(145,'Anna,Wells','0000-00-00','33 Station Road, Taunton, EX91 84',16),(146,'Tom,Humphrey','0000-00-00','23 Park Avenue, Bath, EX35 67',13),(147,'Lily,Slater','0000-00-00','87 River Road, Oxford, EX20 51',54),(148,'Mark,Sutherland','0000-00-00','53 Mill Road, Plymouth, EX85 91',68),(149,'Nina,Benson','0000-00-00','179 Mill Road, Taunton, EX13 51',20),(150,'Diana,Farrell','0000-00-00','144 King Road, Taunton, EX72 40',29),(151,'Peter,Flynn','0000-00-00','16 Park Lane, Plymouth, EX48 54',78),(152,'Laura,Morton','0000-00-00','117 River Road, Bath, EX70 83',26),(153,'Emma,Lawson','0000-00-00','183 Park Avenue, Bath, EX59 96',31),(154,'Daniel,Jennings','0000-00-00','25 Park Lane, Taunton, EX63 45',30),(155,'Chloe,Hubbard','0000-00-00','158 Park Lane, Exeter, EX35 56',5),(156,'Oliver,Casey','0000-00-00','49 River Road, Bath, EX36 81',32),(157,'Anna,Barber','0000-00-00','75 Church Street, Bristol, EX73 15',40),(158,'Tom,Thorpe','0000-00-00','75 School Lane, Oxford, EX30 49',63),(159,'Lily,Hayden','0000-00-00','174 Mill Road, Bristol, EX49 22',46),(160,'Mark,Doyle','0000-00-00','89 School Lane, Oxford, EX13 96',66),(161,'Nina,Marsh','0000-00-00','4 Station Road, Bristol, EX41 23',50),(162,'Diana,Duffy','0000-00-00','23 Park Lane, Bath, EX56 92',35),(163,'Peter,Steele','0000-00-00','157 School Lane, Plymouth, EX99 46',80),(164,'Laura,Thornton','0000-00-00','167 Mill Road, Taunton, EX13 89',37),(165,'Emma,Jarvis','0000-00-00','57 King Road, Bristol, EX70 14',52),(166,'Daniel,Lambert','0000-00-00','68 Park Lane, Bristol, EX45 29',58),(167,'Chloe,Arnold','0000-00-00','192 London Road, Oxford, EX66 63',77),(168,'Oliver,Baldwin','0000-00-00','28 King Road, Oxford, EX16 41',83),(169,'Anna,Blanchard','0000-00-00','106 London Road, Bristol, EX42 84',60),(170,'Tom,Barker','0000-00-00','91 River Road, Exeter, EX77 14',23),(171,'Lily,Warner','0000-00-00','178 London Road, Oxford, EX16 63',85),(172,'Mark,Byrne','0000-00-00','14 London Road, Bath, EX95 54',40),(173,'Nina,Dale','0000-00-00','31 Park Avenue, Bath, EX47 53',46),(174,'Diana,Bland','0000-00-00','31 King Road, Exeter, EX48 64',41),(175,'Peter,Proctor','0000-00-00','78 River Road, Oxford, EX26 34',89),(176,'Laura,Talbot','0000-00-00','92 King Road, Oxford, EX36 93',93),(177,'Emma,Nixon','0000-00-00','121 Church Street, Plymouth, EX23 35',84),(178,'Daniel,Hooper','0000-00-00','150 River Road, Taunton, EX72 10',53),(179,'Chloe,Short','0000-00-00','61 King Road, Oxford, EX85 59',100),(180,'Oliver,Beck','0000-00-00','117 River Road, Exeter, EX72 50',45),(181,'Anna,Parry','0000-00-00','36 North Street, Exeter, EX83 52',55),(182,'Tom,Reeve','0000-00-00','179 School Lane, Taunton, EX64 88',69),(183,'Lily,Savage','0000-00-00','29 High Street, Taunton, EX79 46',70),(184,'Mark,Butcher','0000-00-00','135 Church Street, Bath, EX41 55',50),(185,'Nina,Tait','0000-00-00','68 Queen Street, Oxford, EX73 79',1),(186,'Diana,Kidd','0000-00-00','147 Station Road, Exeter, EX53 92',57),(187,'Peter,Jenkins','0000-00-00','46 High Street, Bristol, EX90 86',62),(188,'Laura,Lang','0000-00-00','190 Park Avenue, Taunton, EX62 88',81),(189,'Emma,Irving','0000-00-00','105 King Road, Plymouth, EX15 46',97),(190,'Daniel,Barr','0000-00-00','197 Park Avenue, Bristol, EX86 26',67),(191,'Chloe,Carr','0000-00-00','144 Church Street, Bristol, EX16 85',76),(192,'Oliver,Nicholls','0000-00-00','182 Station Road, Exeter, EX81 72',68),(193,'Anna,Swift','0000-00-00','168 London Road, Bath, EX61 62',52),(194,'Tom,Brady','0000-00-00','195 School Lane, Oxford, EX47 92',9),(195,'Lily,Holbrook','0000-00-00','31 King Road, Oxford, EX96 98',25),(196,'Mark,Kingston','0000-00-00','156 Station Road, Taunton, EX67 85',86),(197,'Nina,North','0000-00-00','198 River Road, Bath, EX27 29',58),(198,'Diana,Rae','0000-00-00','51 Station Road, Bristol, EX85 53',79),(199,'Peter,Irwin','0000-00-00','150 Mill Road, Bristol, EX85 97',87),(200,'Laura,Carson','0000-00-00','65 King Road, Oxford, EX28 39',36),(201,'Emma,Kent','0000-00-00','90 Church Street, Bristol, EX82 82',88),(202,'Daniel,Milton','0000-00-00','106 High Street, Bath, EX22 96',60),(203,'Chloe,Bradley','0000-00-00','59 North Street, Plymouth, EX88 79',5),(204,'Oliver,Cameron','0000-00-00','72 High Street, Oxford, EX97 90',47),(205,'Anna,Giles','0000-00-00','8 Park Lane, Bristol, EX79 50',3),(206,'Tom,Watters','0000-00-00','48 London Road, Bath, EX54 87',62),(207,'Lily,Ingram','0000-00-00','128 Park Avenue, Taunton, EX92 97',92),(208,'Mark,Thorpe','0000-00-00','180 High Street, Plymouth, EX70 67',23),(209,'Nina,Hobbs','0000-00-00','164 School Lane, Bristol, EX63 98',4),(210,'Diana,Burnett','0000-00-00','167 London Road, Exeter, EX79 71',78),(211,'Peter,Lister','0000-00-00','121 Mill Road, Exeter, EX38 83',80),(212,'Laura,Whyte','0000-00-00','22 Station Road, Plymouth, EX79 84',41),(213,'Emma,Forrest','0000-00-00','123 Queen Street, Oxford, EX52 60',51),(214,'Daniel,Reid','0000-00-00','169 River Road, Bristol, EX39 66',10),(215,'Chloe,Preece','0000-00-00','88 Queen Street, Exeter, EX94 25',84),(216,'Oliver,ONeill','0000-00-00','17 Station Road, Taunton, EX69 59',95),(217,'Anna,Bellamy','0000-00-00','109 North Street, Exeter, EX30 51',97),(218,'Tom,Armstrong','0000-00-00','98 Station Road, Exeter, EX64 90',5),(219,'Lily,Hodges','0000-00-00','56 Queen Street, Bath, EX43 53',67),(220,'Mark,Bower','0000-00-00','26 King Road, Bristol, EX96 59',13),(221,'Nina,Lister','0000-00-00','89 River Road, Oxford, EX67 30',54),(222,'Diana,Handley','0000-00-00','71 School Lane, Oxford, EX10 46',63),(223,'Peter,Kendall','0000-00-00','40 London Road, Bath, EX87 77',76),(224,'Laura,Rowan','0000-00-00','79 River Road, Exeter, EX27 36',23),(225,'Emma,Bayne','0000-00-00','85 River Road, Bath, EX52 52',79),(226,'Daniel,Swift','0000-00-00','195 High Street, Exeter, EX89 56',41),(227,'Chloe,Rogers','0000-00-00','7 School Lane, Plymouth, EX16 31',45),(228,'Oliver,Flett','0000-00-00','121 Mill Road, Oxford, EX60 58',66),(229,'Anna,Milne','0000-00-00','138 High Street, Plymouth, EX60 15',55),(230,'Tom,Bannister','0000-00-00','148 London Road, Bristol, EX56 80',26),(231,'Lily,Riley','0000-00-00','170 North Street, Exeter, EX19 87',45),(232,'Mark,Steel','0000-00-00','131 King Road, Plymouth, EX33 77',57),(233,'Nina,Gibson','0000-00-00','62 Station Road, Plymouth, EX88 88',68),(234,'Diana,Houston','0000-00-00','192 Park Avenue, Oxford, EX75 96',77),(235,'Peter,Ford','0000-00-00','135 School Lane, Taunton, EX21 38',96),(236,'Laura,Park','0000-00-00','129 North Street, Bristol, EX12 90',31),(237,'Emma,Field','0000-00-00','179 King Road, Bath, EX94 62',87),(238,'Daniel,Rowan','0000-00-00','71 London Road, Bristol, EX96 53',32),(239,'Chloe,McLean','0000-00-00','48 Church Street, Exeter, EX29 35',55),(240,'Oliver,Beattie','0000-00-00','117 Queen Street, Taunton, EX81 29',99),(241,'Anna,Dickson','0000-00-00','149 London Road, Taunton, EX17 40',2),(242,'Tom,Hutchinson','0000-00-00','183 School Lane, Bristol, EX27 22',35),(243,'Lily,Stewart','0000-00-00','107 Park Avenue, Taunton, EX93 54',6),(244,'Mark,Spalding','0000-00-00','93 King Road, Taunton, EX58 30',7),(245,'Nina,Rankin','0000-00-00','77 River Road, Oxford, EX74 73',83),(246,'Diana,Blackwood','0000-00-00','123 Station Road, Exeter, EX42 10',57),(247,'Peter,Cookson','0000-00-00','109 Church Street, Oxford, EX52 56',85),(248,'Laura,Jeffery','0000-00-00','133 North Street, Oxford, EX97 80',89),(249,'Emma,Briggs','0000-00-00','167 School Lane, Bath, EX13 22',88),(250,'Daniel,Barron','0000-00-00','74 London Road, Oxford, EX45 41',93),(251,'Chloe,Blaine','0000-00-00','182 River Road, Taunton, EX74 20',12),(252,'Oliver,Tyrrell','0000-00-00','135 River Road, Bath, EX67 85',3),(253,'Anna,Gordon','0000-00-00','7 Church Street, Plymouth, EX93 40',78),(254,'Tom,Wallace','0000-00-00','176 Mill Road, Bristol, EX97 97',40),(255,'Lily,Forsyth','0000-00-00','200 London Road, Exeter, EX86 61',68),(256,'Mark,Findlay','0000-00-00','23 Queen Street, Exeter, EX58 62',78),(257,'Nina,Henderson','0000-00-00','66 Park Avenue, Plymouth, EX27 82',80),(258,'Diana,Burns','0000-00-00','65 London Road, Exeter, EX99 38',80),(259,'Peter,Allard','0000-00-00','43 King Road, Plymouth, EX25 37',84),(260,'Laura,Kemp','0000-00-00','82 London Road, Bath, EX18 23',4),(261,'Emma,Steel','0000-00-00','113 Church Street, Exeter, EX34 19',84),(262,'Daniel,Hogan','0000-00-00','52 Station Road, Taunton, EX60 58',16),(263,'Chloe,Best','0000-00-00','14 River Road, Oxford, EX16 47',100),(264,'Oliver,Owen','0000-00-00','185 Church Street, Bristol, EX63 46',46),(265,'Anna,Reeves','0000-00-00','69 North Street, Taunton, EX97 68',20),(266,'Tom,Cole','0000-00-00','60 King Road, Plymouth, EX55 51',97),(267,'Lily,Porter','0000-00-00','145 Park Avenue, Taunton, EX82 25',29),(268,'Mark,Jones','0000-00-00','64 Church Street, Bristol, EX41 49',50),(269,'Nina,Tanner','0000-00-00','98 High Street, Exeter, EX17 26',97),(270,'Diana,Baird','0000-00-00','59 Mill Road, Oxford, EX26 12',1),(271,'Peter,Dunn','0000-00-00','179 London Road, Oxford, EX24 94',9),(272,'Laura,Casey','0000-00-00','128 Station Road, Plymouth, EX49 59',5),(273,'Emma,Love','0000-00-00','165 North Street, Bath, EX93 77',10),(274,'Daniel,Reynolds','0000-00-00','102 Church Street, Oxford, EX27 44',25),(275,'Chloe,Sharp','0000-00-00','94 Station Road, Plymouth, EX69 63',23),(276,'Oliver,Bryant','0000-00-00','94 London Road, Oxford, EX78 77',36),(277,'Anna,Stuart','0000-00-00','124 High Street, Taunton, EX69 84',30),(278,'Tom,Pollard','0000-00-00','72 King Road, Bath, EX18 16',13),(279,'Lily,McKay','0000-00-00','49 Mill Road, Taunton, EX83 30',37),(280,'Mark,Christie','0000-00-00','23 Station Road, Oxford, EX47 96',47),(281,'Nina,Slater','0000-00-00','67 London Road, Plymouth, EX66 26',41),(282,'Diana,Clow','0000-00-00','123 Park Lane, Bristol, EX64 37',52),(283,'Peter,Findlay','0000-00-00','102 High Street, Plymouth, EX30 30',45),(284,'Laura,Lyon','0000-00-00','183 Park Lane, Oxford, EX40 54',51),(285,'Emma,Shaw','0000-00-00','33 Park Avenue, Taunton, EX72 23',53),(286,'Daniel,Cowan','0000-00-00','189 High Street, Oxford, EX41 62',54),(287,'Chloe,Anderson','0000-00-00','146 Park Avenue, Plymouth, EX85 65',55),(288,'Oliver,Black','0000-00-00','109 Park Avenue, Bristol, EX61 12',58),(289,'Anna,Moffat','0000-00-00','16 Station Road, Bristol, EX76 69',60),(290,'Tom,Jarvis','0000-00-00','198 Park Avenue, Bath, EX28 84',26),(291,'Lily,Kemp','0000-00-00','25 School Lane, Exeter, EX54 61',5),(292,'Mark,Long','0000-00-00','5 Station Road, Taunton, EX25 96',69),(293,'Nina,Craig','0000-00-00','199 King Road, Taunton, EX18 86',70),(294,'Diana,McNeil','0000-00-00','5 London Road, Plymouth, EX11 24',57),(295,'Peter,Grant','0000-00-00','194 River Road, Taunton, EX24 30',81),(296,'Laura,Blair','0000-00-00','28 London Road, Taunton, EX90 42',86),(297,'Emma,McKay','0000-00-00','155 King Road, Bath, EX50 96',31),(298,'Daniel,White','0000-00-00','7 King Road, Oxford, EX62 29',63),(299,'Chloe,Woodward','0000-00-00','165 Mill Road, Plymouth, EX17 69',68),(300,'Oliver,Paterson','0000-00-00','24 Park Lane, Exeter, EX87 74',23),(301,'Anna,Neill','0000-00-00','121 School Lane, Bath, EX69 42',32),(302,'Tom,Finn','0000-00-00','7 Church Street, Taunton, EX93 59',92),(303,'Lily,Hughes','0000-00-00','138 Station Road, Taunton, EX79 43',95),(304,'Mark,Brown','0000-00-00','107 North Street, Oxford, EX99 40',66),(305,'Nina,Todd','0000-00-00','65 High Street, Plymouth, EX99 22',78),(306,'Diana,Marshall','0000-00-00','92 Station Road, Exeter, EX51 95',41),(307,'Peter,McBride','0000-00-00','8 Church Street, Oxford, EX84 72',77),(308,'Laura,Grant','0000-00-00','194 Mill Road, Exeter, EX33 52',45),(309,'Emma,McDonald','0000-00-00','88 London Road, Exeter, EX52 39',55),(310,'Daniel,Allan','0000-00-00','104 Mill Road, Exeter, EX52 85',57),(311,'Chloe,Carter','0000-00-00','80 Station Road, Plymouth, EX15 70',80),(312,'Oliver,Edwards','0000-00-00','170 Queen Street, Plymouth, EX85 57',84),(313,'Anna,Jackson','0000-00-00','140 Church Street, Taunton, EX77 87',96),(314,'Tom,Martin','0000-00-00','43 Park Lane, Bristol, EX79 86',62),(315,'Lily,Swan','0000-00-00','132 North Street, Oxford, EX27 80',83),(316,'Mark,Fraser','0000-00-00','46 Park Avenue, Bristol, EX29 22',67),(317,'Nina,Innes','0000-00-00','77 Park Lane, Bristol, EX42 28',76),(318,'Diana,Cunningham','0000-00-00','129 River Road, Taunton, EX56 41',99),(319,'Peter,Holmes','0000-00-00','56 Mill Road, Exeter, EX75 17',68),(320,'Laura,Thomson','0000-00-00','75 School Lane, Exeter, EX56 32',78),(321,'Emma,Livingston','0000-00-00','16 Mill Road, Plymouth, EX42 15',97),(322,'Daniel,Smart','0000-00-00','85 London Road, Bristol, EX38 34',79),(323,'Chloe,Simpson','0000-00-00','78 River Road, Plymouth, EX29 96',5),(324,'Oliver,Clarke','0000-00-00','187 School Lane, Taunton, EX26 86',2),(325,'Anna,Gray','0000-00-00','108 River Road, Bath, EX71 38',35),(326,'Tom,Reid','0000-00-00','76 River Road, Oxford, EX90 25',85),(327,'Lily,Parker','0000-00-00','135 Station Road, Taunton, EX44 31',6),(328,'Mark,Morris','0000-00-00','115 Station Road, Taunton, EX65 28',7),(329,'Nina,Dixon','0000-00-00','1 School Lane, Exeter, EX68 69',80),(330,'Diana,Webb','0000-00-00','109 North Street, Plymouth, EX79 14',23),(331,'Peter,Bishop','0000-00-00','97 Park Lane, Oxford, EX22 99',89),(332,'Laura,Hay','0000-00-00','60 Station Road, Taunton, EX77 99',12),(333,'Emma,Allen','0000-00-00','178 Church Street, Taunton, EX16 76',16),(334,'Daniel,Watson','0000-00-00','35 Mill Road, Bristol, EX34 37',87),(335,'Chloe,Bennett','0000-00-00','2 Mill Road, Exeter, EX81 81',84),(336,'Oliver,Cook','0000-00-00','74 Mill Road, Taunton, EX38 70',20),(337,'Anna,Coleman','0000-00-00','47 North Street, Taunton, EX76 79',29),(338,'Tom,Grant','0000-00-00','65 High Street, Plymouth, EX92 86',41),(339,'Lily,Price','0000-00-00','158 River Road, Bath, EX46 76',40),(340,'Mark,Mitchell','0000-00-00','111 Station Road, Bath, EX70 18',46),(341,'Nina,Walker','0000-00-00','88 Park Avenue, Plymouth, EX29 59',45),(342,'Diana,Young','0000-00-00','64 Mill Road, Taunton, EX53 77',30),(343,'Peter,Harris','0000-00-00','194 Church Street, Exeter, EX33 53',97),(344,'Laura,Carter','0000-00-00','60 Station Road, Exeter, EX67 26',5),(345,'Emma,Fleming','0000-00-00','48 School Lane, Bristol, EX84 87',88),(346,'Daniel,Wilson','0000-00-00','59 Mill Road, Bath, EX39 82',50),(347,'Chloe,Graham','0000-00-00','104 London Road, Exeter, EX52 81',23),(348,'Oliver,Robertson','0000-00-00','169 Park Avenue, Taunton, EX81 70',37),(349,'Anna,Stewart','0000-00-00','118 River Road, Bristol, EX91 12',3),(350,'Tom,Hamilton','0000-00-00','130 Park Lane, Bath, EX62 78',52),(351,'Lily,McDonald','0000-00-00','156 North Street, Plymouth, EX93 62',55),(352,'Mark,Anderson','0000-00-00','162 High Street, Bath, EX10 19',58),(353,'Nina,Grant','0000-00-00','183 King Road, Taunton, EX18 22',53),(354,'Diana,Smith','0000-00-00','51 Park Lane, Bristol, EX97 69',4),(355,'Peter,Campbell','0000-00-00','101 Park Lane, Oxford, EX83 19',93),(356,'Laura,Ferguson','0000-00-00','48 Station Road, Exeter, EX15 96',41),(357,'Emma,Murray','0000-00-00','159 North Street, Plymouth, EX30 74',57),(358,'Daniel,Henderson','0000-00-00','177 Queen Street, Taunton, EX43 96',69),(359,'Chloe,Brown','0000-00-00','53 Park Lane, Taunton, EX86 23',70),(360,'Oliver,Moore','0000-00-00','74 Park Lane, Taunton, EX50 94',81),(361,'Anna,Taylor','0000-00-00','171 Station Road, Exeter, EX57 11',45),(362,'Tom,Scott','0000-00-00','176 High Street, Plymouth, EX44 55',68),(363,'Lily,Evans','0000-00-00','9 Queen Street, Taunton, EX24 73',86),(364,'Mark,Roberts','0000-00-00','131 High Street, Bath, EX84 34',60),(365,'Nina,Phillips','0000-00-00','105 Mill Road, Exeter, EX60 43',55),(366,'Diana,Ross','0000-00-00','177 Park Lane, Exeter, EX45 26',57),(367,'Peter,James','0000-00-00','170 High Street, Bath, EX63 72',62),(368,'Laura,Reid','0000-00-00','126 Park Lane, Plymouth, EX34 96',78),(369,'Emma,Clark','0000-00-00','99 High Street, Oxford, EX81 96',100),(370,'Daniel,McLean','0000-00-00','141 Mill Road, Exeter, EX62 35',68),(371,'Chloe,Logan','0000-00-00','95 Park Avenue, Taunton, EX95 44',92),(372,'Oliver,Douglas','0000-00-00','2 Park Lane, Oxford, EX82 79',1),(373,'Anna,Kelly','0000-00-00','54 Queen Street, Exeter, EX94 58',78),(374,'Tom,Cameron','0000-00-00','98 Queen Street, Taunton, EX45 95',95),(375,'Lily,Ward','0000-00-00','150 King Road, Bristol, EX85 21',10),(376,'Mark,White','0000-00-00','183 School Lane, Taunton, EX47 83',96),(377,'Nina,Simpson','0000-00-00','13 London Road, Bristol, EX95 30',13),(378,'Diana,Fraser','0000-00-00','70 High Street, Oxford, EX18 99',9),(379,'Peter,King','0000-00-00','1 Park Lane, Exeter, EX84 73',80),(380,'Laura,Thorn','0000-00-00','107 Queen Street, Taunton, EX59 11',99),(381,'Emma,Green','0000-00-00','84 Queen Street, Bath, EX67 83',67),(382,'Daniel,Miller','0000-00-00','172 Queen Street, Exeter, EX68 52',84),(383,'Chloe,Webster','0000-00-00','177 King Road, Taunton, EX88 40',2),(384,'Oliver,Abbott','0000-00-00','14 River Road, Oxford, EX24 79',25),(385,'Anna,Holland','0000-00-00','23 High Street, Oxford, EX70 23',36),(386,'Tom,Mason','0000-00-00','101 School Lane, Bath, EX16 11',76),(387,'Lily,Williams','0000-00-00','114 North Street, Bath, EX32 22',79),(388,'Mark,Harper','0000-00-00','92 Station Road, Bath, EX66 64',87),(389,'Nina,Poole','0000-00-00','15 Station Road, Bath, EX74 72',88),(390,'Diana,Rowley','0000-00-00','65 Queen Street, Exeter, EX23 64',97),(391,'Peter,Irwin','0000-00-00','157 London Road, Oxford, EX57 72',47),(392,'Laura,Johnston','0000-00-00','91 High Street, Bristol, EX10 43',26),(393,'Emma,McArthur','0000-00-00','82 London Road, Bristol, EX96 98',31),(394,'Daniel,Black','0000-00-00','55 Park Avenue, Bath, EX14 98',3),(395,'Chloe,Boyle','0000-00-00','60 School Lane, Bristol, EX20 79',32),(396,'Oliver,Quinn','0000-00-00','113 Station Road, Taunton, EX57 64',6),(397,'Anna,Reilly','0000-00-00','74 King Road, Exeter, EX76 57',5),(398,'Tom,Stewart','0000-00-00','88 London Road, Oxford, EX91 84',51),(399,'Lily,Beaton','0000-00-00','98 School Lane, Plymouth, EX32 29',80),(400,'Mark,Kerr','0000-00-00','111 King Road, Exeter, EX26 50',23),(401,'Nina,Donald','0000-00-00','27 London Road, Oxford, EX57 54',54),(402,'Diana,Leitch','0000-00-00','62 School Lane, Plymouth, EX67 61',84),(403,'Peter,McKenzie','0000-00-00','62 Park Avenue, Oxford, EX58 42',63),(404,'Laura,Wallace','0000-00-00','53 Park Lane, Oxford, EX38 48',66),(405,'Emma,Cameron','0000-00-00','123 Station Road, Bristol, EX88 25',35),(406,'Daniel,Park','0000-00-00','4 King Road, Oxford, EX19 92',77),(407,'Chloe,Campbell','0000-00-00','191 King Road, Bristol, EX86 28',40),(408,'Oliver,Stuart','0000-00-00','42 North Street, Exeter, EX81 83',41),(409,'Anna,Paterson','0000-00-00','27 Queen Street, Taunton, EX88 80',7),(410,'Tom,Morrison','0000-00-00','80 School Lane, Bath, EX61 68',4),(411,'Lily,McGregor','0000-00-00','113 Mill Road, Bristol, EX28 16',46),(412,'Mark,Sinclair','0000-00-00','30 Station Road, Taunton, EX71 31',12),(413,'Nina,Ross','0000-00-00','62 North Street, Exeter, EX58 87',45),(414,'Diana,Gray','0000-00-00','86 Park Avenue, Oxford, EX49 16',83),(415,'Peter,Hamilton','0000-00-00','6 Park Avenue, Plymouth, EX25 64',97),(416,'Laura,Davidson','0000-00-00','39 Mill Road, Exeter, EX17 50',55),(417,'Emma,Gordon','0000-00-00','101 Park Lane, Bristol, EX67 80',50),(418,'Daniel,McIntyre','0000-00-00','20 Park Avenue, Exeter, EX91 78',57),(419,'Chloe,Fisher','0000-00-00','61 Station Road, Exeter, EX74 12',68),(420,'Oliver,Hunter','0000-00-00','193 High Street, Bath, EX31 69',10),(421,'Anna,Anderson','0000-00-00','181 Park Lane, Bath, EX56 26',13),(422,'Tom,Watson','0000-00-00','128 Station Road, Bath, EX77 93',26),(423,'Lily,Bruce','0000-00-00','73 Park Avenue, Exeter, EX95 77',78),(424,'Mark,Martin','0000-00-00','87 Church Street, Oxford, EX82 85',85),(425,'Nina,Christie','0000-00-00','8 Park Avenue, Oxford, EX97 83',89),(426,'Diana,Allan','0000-00-00','195 London Road, Oxford, EX12 69',93),(427,'Peter,MacDonald','0000-00-00','90 High Street, Plymouth, EX21 31',5),(428,'Laura,Forbes','0000-00-00','23 London Road, Bath, EX60 49',31),(429,'Emma,Grant','0000-00-00','47 Mill Road, Plymouth, EX32 42',23),(430,'Daniel,Shaw','0000-00-00','8 Park Lane, Plymouth, EX92 19',41),(431,'Chloe,Steele','0000-00-00','152 School Lane, Bath, EX37 13',32),(432,'Oliver,Boyle','0000-00-00','24 King Road, Taunton, EX85 59',16),(433,'Anna,Rankin','0000-00-00','58 Park Lane, Taunton, EX29 18',20),(434,'Tom,Green','0000-00-00','131 King Road, Bristol, EX99 50',52),(435,'Lily,Hart','0000-00-00','127 King Road, Bath, EX20 86',35),(436,'Mark,Harris','0000-00-00','29 Queen Street, Plymouth, EX20 34',45),(437,'Nina,Moss','0000-00-00','196 Station Road, Plymouth, EX47 64',55),(438,'Diana,Kelly','0000-00-00','59 King Road, Bristol, EX50 48',58),(439,'Peter,Hope','0000-00-00','18 Church Street, Plymouth, EX74 33',57),(440,'Laura,Perkins','0000-00-00','68 North Street, Taunton, EX65 47',29),(441,'Emma,Todd','0000-00-00','35 Park Lane, Taunton, EX59 89',30),(442,'Daniel,Moore','0000-00-00','94 Church Street, Plymouth, EX38 23',68),(443,'Chloe,Payne','0000-00-00','73 Park Lane, Bristol, EX73 54',60),(444,'Oliver,Hughes','0000-00-00','66 High Street, Bristol, EX66 61',62),(445,'Anna,Sharp','0000-00-00','153 Station Road, Oxford, EX14 22',100),(446,'Tom,Bates','0000-00-00','53 Church Street, Taunton, EX99 19',37),(447,'Lily,Middleton','0000-00-00','126 Church Street, Exeter, EX59 56',80),(448,'Mark,Gallagher','0000-00-00','37 School Lane, Exeter, EX93 71',84),(449,'Nina,Kidd','0000-00-00','45 Station Road, Bristol, EX33 19',67),(450,'Diana,Campbell','0000-00-00','153 Park Lane, Taunton, EX57 61',53),(451,'Peter,Marshall','0000-00-00','91 King Road, Bristol, EX18 87',76),(452,'Laura,Arnold','0000-00-00','116 King Road, Exeter, EX80 29',97),(453,'Emma,McAllister','0000-00-00','176 Park Avenue, Plymouth, EX44 43',78),(454,'Daniel,Rowlands','0000-00-00','180 London Road, Bath, EX94 18',40),(455,'Chloe,Bevan','0000-00-00','106 Queen Street, Bath, EX59 88',46),(456,'Oliver,Drew','0000-00-00','54 Station Road, Plymouth, EX98 82',80),(457,'Peter,Henshaw','0000-00-00','159 London Road, Plymouth, EX69 92',84),(458,'Anna,Hope','0000-00-00','13 Park Lane, Bath, EX75 27',50),(459,'Tom,Preston','0000-00-00','65 Park Avenue, Plymouth, EX48 67',97),(460,'Lily,Maxwell','0000-00-00','171 Mill Road, Taunton, EX72 34',69),(461,'Mark,Rowley','0000-00-00','126 Mill Road, Bristol, EX48 57',79),(462,'Nina,Draper','0000-00-00','1 King Road, Plymouth, EX71 53',5),(463,'Diana,Allison','0000-00-00','73 Church Street, Bristol, EX36 93',87),(464,'Peter,Fraser','0000-00-00','16 Park Lane, Exeter, EX88 90',5),(465,'Laura,Kerr','0000-00-00','69 Queen Street, Plymouth, EX28 11',23),(466,'Emma,Allan','0000-00-00','106 Queen Street, Oxford, EX61 73',1),(467,'Daniel,Howe','0000-00-00','150 King Road, Taunton, EX47 30',70),(468,'Chloe,Coates','0000-00-00','165 High Street, Bristol, EX47 82',88),(469,'Oliver,Greenwood','0000-00-00','28 School Lane, Exeter, EX96 79',23),(470,'Mark,Lister','0000-00-00','137 River Road, Bristol, EX94 31',3),(471,'Anna,Morton','0000-00-00','78 School Lane, Bristol, EX34 87',4),(472,'Tom,Pickering','0000-00-00','18 River Road, Bath, EX98 77',52),(473,'Lily,Somerville','0000-00-00','16 School Lane, Oxford, EX70 39',9),(474,'Mark,Middleton','0000-00-00','85 Mill Road, Exeter, EX59 38',41),(475,'Nina,Thorpe','0000-00-00','85 Queen Street, Oxford, EX71 26',25),(476,'Diana,Wilkes','0000-00-00','147 Park Avenue, Plymouth, EX12 57',41),(477,'Peter,Greenwood','0000-00-00','53 Park Avenue, Exeter, EX75 42',45),(478,'Laura,Garner','0000-00-00','153 Queen Street, Taunton, EX73 44',81),(479,'Emma,Eaton','0000-00-00','162 London Road, Oxford, EX14 38',36),(480,'Daniel,Rowe','0000-00-00','157 River Road, Bristol, EX61 53',10),(481,'Chloe,Whitfield','0000-00-00','20 King Road, Plymouth, EX45 57',45),(482,'Oliver,Metcalfe','0000-00-00','25 School Lane, Oxford, EX30 99',47),(483,'Nina,Tinsley','0000-00-00','26 Park Lane, Exeter, EX96 64',55),(484,'Anna,Fielding','0000-00-00','40 School Lane, Bristol, EX71 44',13),(485,'Tom,Forster','0000-00-00','174 King Road, Exeter, EX92 72',57),(486,'Lily,Kendall','0000-00-00','62 Mill Road, Bristol, EX96 22',26),(487,'Mark,Hartwell','0000-00-00','110 Park Avenue, Taunton, EX15 85',86),(488,'Nina,Farley','0000-00-00','100 Park Lane, Taunton, EX60 98',92),(489,'Diana,Jenkins','0000-00-00','11 Church Street, Bath, EX27 76',58),(490,'Peter,Meadows','0000-00-00','51 North Street, Taunton, EX78 18',95),(491,'Laura,Boyle','0000-00-00','77 River Road, Bath, EX46 27',60),(492,'Emma,Durham','0000-00-00','196 Park Lane, Oxford, EX30 42',51),(493,'Daniel,Norris','0000-00-00','93 Park Avenue, Bristol, EX43 14',31),(494,'Chloe,Lister','0000-00-00','24 North Street, Bristol, EX78 14',32),(495,'Oliver,Hayward','0000-00-00','12 Mill Road, Plymouth, EX64 68',55),(496,'Peter,Edmunds','0000-00-00','180 Mill Road, Taunton, EX95 67',96),(497,'Anna,Osborne','0000-00-00','148 North Street, Taunton, EX69 24',99),(498,'Tom,Moon','0000-00-00','144 Station Road, Taunton, EX16 92',2),(499,'Lily,Caldwell','0000-00-00','194 London Road, Oxford, EX91 66',54),(500,'Mark,Roach','0000-00-00','75 London Road, Exeter, EX93 43',68),(501,'Nina,Jefferson','0000-00-00','195 River Road, Oxford, EX99 30',63),(502,'Diana,Drake','0000-00-00','1 Park Lane, Plymouth, EX75 87',57),(503,'Peter,Montgomery','0000-00-00','105 Park Lane, Exeter, EX58 56',78),(504,'Laura,Walton','0000-00-00','107 King Road, Plymouth, EX52 53',68),(505,'Emma,Houghton','0000-00-00','93 High Street, Exeter, EX31 42',80),(506,'Daniel,Humphries','0000-00-00','61 Park Lane, Plymouth, EX48 58',78),(507,'Chloe,Frost','0000-00-00','1 Park Avenue, Plymouth, EX26 24',80),(508,'Oliver,Vaughan','0000-00-00','8 North Street, Exeter, EX54 15',84),(509,'Daniel,Field','0000-00-00','104 London Road, Bath, EX41 59',62),(510,'Anna,Godfrey','0000-00-00','33 Station Road, Taunton, EX79 90',6),(511,'Tom,Marley','0000-00-00','35 School Lane, Exeter, EX67 68',97),(512,'Lily,Spence','0000-00-00','107 Church Street, Taunton, EX22 66',7),(513,'Mark,Keane','0000-00-00','182 River Road, Bath, EX17 62',67),(514,'Nina,Sanderson','0000-00-00','4 Station Road, Exeter, EX19 79',5),(515,'Diana,Hutchings','0000-00-00','88 Queen Street, Exeter, EX71 64',23),(516,'Peter,Colton','0000-00-00','174 Park Lane, Bath, EX40 47',76),(517,'Laura,Bainbridge','0000-00-00','153 High Street, Taunton, EX28 48',12),(518,'Emma,Coles','0000-00-00','173 High Street, Taunton, EX49 68',16),(519,'Daniel,MacKenzie','0000-00-00','134 Park Avenue, Plymouth, EX28 18',84),(520,'Chloe,Carmichael','0000-00-00','184 Station Road, Bath, EX43 96',79),(521,'Oliver,Hemming','0000-00-00','106 Park Avenue, Plymouth, EX36 95',97),(522,'Anna,Craven','0000-00-00','27 River Road, Oxford, EX56 50',66),(523,'Anna,Carroll','0000-00-00','74 King Road, Oxford, EX73 64',77),(524,'Tom,Fulton','0000-00-00','154 Mill Road, Bristol, EX35 81',35),(525,'Lily,Hayward','0000-00-00','36 London Road, Taunton, EX53 34',20),(526,'Mark,Dunbar','0000-00-00','176 Mill Road, Taunton, EX45 88',29),(527,'Nina,Easton','0000-00-00','38 River Road, Taunton, EX54 21',30),(528,'Diana,Pryce','0000-00-00','195 London Road, Bath, EX64 12',87),(529,'Peter,Carver','0000-00-00','8 North Street, Plymouth, EX52 31',5),(530,'Laura,Radcliffe','0000-00-00','93 Church Street, Exeter, EX75 80',41),(531,'Emma,Rowntree','0000-00-00','63 River Road, Oxford, EX47 45',83),(532,'Daniel,Redman','0000-00-00','161 Queen Street, Bristol, EX91 72',40),(533,'Chloe,Oakley','0000-00-00','147 North Street, Bristol, EX90 39',46),(534,'Oliver,Barratt','0000-00-00','150 Church Street, Bristol, EX29 27',50),(535,'Emma,Knowles','0000-00-00','28 Church Street, Exeter, EX91 34',45),(536,'Anna,Canning','0000-00-00','141 North Street, Bath, EX19 79',88),(537,'Tom,Ryder','0000-00-00','80 Church Street, Oxford, EX94 62',85),(538,'Lily,Dawson','0000-00-00','146 King Road, Plymouth, EX26 65',23),(539,'Mark,Hargreaves','0000-00-00','43 Queen Street, Bristol, EX41 99',52),(540,'Nina,Levy','0000-00-00','107 Queen Street, Bristol, EX50 23',58),(541,'Diana,Mather','0000-00-00','56 Church Street, Oxford, EX46 47',89),(542,'Peter,Kingsley','0000-00-00','49 Park Avenue, Plymouth, EX34 28',41),(543,'Laura,Eastwood','0000-00-00','156 Station Road, Bath, EX80 33',3),(544,'Emma,Cartwright','0000-00-00','197 Church Street, Oxford, EX20 97',93),(545,'Daniel,Sharman','0000-00-00','131 London Road, Oxford, EX79 68',100),(546,'Chloe,Milton','0000-00-00','167 Park Avenue, Taunton, EX92 19',37),(547,'Oliver,Blackwell','0000-00-00','148 Park Avenue, Exeter, EX83 69',55),(548,'Diana,McArthur','0000-00-00','196 Park Lane, Plymouth, EX87 69',45),(549,'Anna,Newell','0000-00-00','25 Church Street, Taunton, EX61 55',53),(550,'Tom,Rawlings','0000-00-00','186 Park Avenue, Oxford, EX87 83',1),(551,'Lily,Clifton','0000-00-00','44 River Road, Bath, EX42 78',4),(552,'Mark,Jardine','0000-00-00','132 Mill Road, Oxford, EX92 47',9),(553,'Nina,Hambleton','0000-00-00','192 Station Road, Bath, EX25 18',10),(554,'Diana,Kell','0000-00-00','126 Queen Street, Bath, EX31 50',13),(555,'Peter,Pendleton','0000-00-00','69 Queen Street, Bath, EX44 74',26),(556,'Laura,Selby','0000-00-00','187 London Road, Bath, EX52 35',31),(557,'Emma,Corbett','0000-00-00','159 King Road, Bristol, EX78 73',60),(558,'Daniel,Findlay','0000-00-00','137 School Lane, Oxford, EX59 98',25),(559,'Chloe,Bowden','0000-00-00','166 Church Street, Plymouth, EX78 52',55),(560,'Oliver,Bingham','0000-00-00','106 Mill Road, Exeter, EX30 57',57),(561,'Tom,Brier','0000-00-00','62 Park Avenue, Taunton, EX32 71',69),(562,'Anna,Fenwick','0000-00-00','89 Church Street, Bath, EX11 95',32),(563,'Tom,Silver','0000-00-00','84 Church Street, Bath, EX35 38',35),(564,'Lily,Kenyon','0000-00-00','71 Mill Road, Bristol, EX42 36',62),(565,'Mark,Prior','0000-00-00','139 Church Street, Plymouth, EX60 10',57),(566,'Nina,Wainwright','0000-00-00','200 High Street, Plymouth, EX88 23',68),(567,'Diana,Haley','0000-00-00','7 School Lane, Bath, EX82 64',40),(568,'Peter,Biggs','0000-00-00','186 Church Street, Bath, EX55 59',46),(569,'Laura,Redfern','0000-00-00','199 London Road, Plymouth, EX11 56',78),(570,'Emma,Stanley','0000-00-00','110 London Road, Bristol, EX49 42',67),(571,'Daniel,Hopwood','0000-00-00','133 River Road, Exeter, EX62 53',68),(572,'Chloe,Marriott','0000-00-00','125 Mill Road, Plymouth, EX76 86',80),(573,'Oliver,Hobson','0000-00-00','188 Church Street, Plymouth, EX84 82',84),(574,'Lily,Molyneux','0000-00-00','30 King Road, Bristol, EX70 34',76),(575,'Anna,Brierley','0000-00-00','54 North Street, Oxford, EX80 13',36),(576,'Tom,Chamberlain','0000-00-00','29 High Street, Oxford, EX11 22',47),(577,'Lily,Winterson','0000-00-00','55 Mill Road, Oxford, EX64 94',51),(578,'Mark,Hollingsworth','0000-00-00','168 London Road, Exeter, EX90 87',78),(579,'Nina,Franks','0000-00-00','7 London Road, Oxford, EX40 44',54),(580,'Diana,Goddard','0000-00-00','116 Station Road, Exeter, EX16 76',80),(581,'Peter,Butterworth','0000-00-00','132 Mill Road, Exeter, EX30 57',84),(582,'Laura,Randall','0000-00-00','165 School Lane, Bath, EX60 11',50),(583,'Emma,Goodall','0000-00-00','19 Park Lane, Oxford, EX51 73',63),(584,'Daniel,Whitfield','0000-00-00','31 River Road, Plymouth, EX58 75',97),(585,'Chloe,Thorley','0000-00-00','39 Church Street, Oxford, EX17 89',66),(586,'Oliver,Sprott','0000-00-00','199 High Street, Exeter, EX74 99',97),(587,'Lily,Molyneux','0000-00-00','102 King Road, Plymouth, EX85 65',5),(588,'Anna,Melrose','0000-00-00','64 River Road, Bristol, EX29 15',79),(589,'Tom,Lowry','0000-00-00','126 Park Avenue, Bath, EX30 41',52),(590,'Lily,Heron','0000-00-00','97 Church Street, Oxford, EX22 72',77),(591,'Mark,Granger','0000-00-00','76 River Road, Plymouth, EX48 21',23),(592,'Nina,Crossley','0000-00-00','97 Queen Street, Bristol, EX73 44',87),(593,'Diana,Dalton','0000-00-00','153 Park Avenue, Taunton, EX32 20',70),(594,'Peter,Archer','0000-00-00','43 Church Street, Exeter, EX44 64',5),(595,'Laura,Mclean','0000-00-00','73 Park Lane, Taunton, EX28 34',81),(596,'Emma,Milford','0000-00-00','33 Queen Street, Plymouth, EX35 80',41),(597,'Daniel,Stanhope','0000-00-00','136 Queen Street, Bath, EX32 42',58),(598,'Chloe,Waterhouse','0000-00-00','130 Park Avenue, Oxford, EX78 19',83),(599,'Oliver,Clemens','0000-00-00','16 Mill Road, Oxford, EX79 60',85),(600,'Anna,Grayson','0000-00-00','12 Station Road, Bristol, EX52 31',88);
/*!40000 ALTER TABLE `patients` ENABLE KEYS */;
UNLOCK TABLES;
/*!40103 SET TIME_ZONE=@OLD_TIME_ZONE */;

/*!40101 SET SQL_MODE=@OLD_SQL_MODE */;
/*!40014 SET FOREIGN_KEY_CHECKS=@OLD_FOREIGN_KEY_CHECKS */;
/*!40014 SET UNIQUE_CHECKS=@OLD_UNIQUE_CHECKS */;
/*!40101 SET CHARACTER_SET_CLIENT=@OLD_CHARACTER_SET_CLIENT */;
/*!40101 SET CHARACTER_SET_RESULTS=@OLD_CHARACTER_SET_RESULTS */;
/*!40101 SET COLLATION_CONNECTION=@OLD_COLLATION_CONNECTION */;
/*!40111 SET SQL_NOTES=@OLD_SQL_NOTES */;

-- Dump completed on 2025-12-07 18:39:35
